/*
 Navicat Premium Data Transfer

 Source Server         : MyWork
 Source Server Type    : MySQL
 Source Server Version : 80039 (8.0.39)
 Source Host           : localhost:3306
 Source Schema         : traveldiary

 Target Server Type    : MySQL
 Target Server Version : 80039 (8.0.39)
 File Encoding         : 65001

 Date: 14/05/2025 11:22:08
*/

SET NAMES utf8mb4;
SET FOREIGN_KEY_CHECKS = 0;

-- ----------------------------
-- Table structure for diaries
-- ----------------------------
DROP TABLE IF EXISTS `diaries`;
CREATE TABLE `diaries`  (
  `id` int NOT NULL AUTO_INCREMENT,
  `user_id` int NOT NULL,
  `title` varchar(100) CHARACTER SET utf8mb4 COLLATE utf8mb4_0900_ai_ci NOT NULL,
  `content` text CHARACTER SET utf8mb4 COLLATE utf8mb4_0900_ai_ci NOT NULL,
  `status` enum('pending','approved','rejected','deleted') CHARACTER SET utf8mb4 COLLATE utf8mb4_0900_ai_ci NULL DEFAULT 'pending',
  `rejection_reason` varchar(255) CHARACTER SET utf8mb4 COLLATE utf8mb4_0900_ai_ci NULL DEFAULT NULL,
  `created_at` datetime NULL DEFAULT CURRENT_TIMESTAMP,
  `updated_at` datetime NULL DEFAULT CURRENT_TIMESTAMP ON UPDATE CURRENT_TIMESTAMP,
  PRIMARY KEY (`id`) USING BTREE,
  INDEX `user_id`(`user_id` ASC) USING BTREE,
  CONSTRAINT `diaries_ibfk_1` FOREIGN KEY (`user_id`) REFERENCES `users` (`id`) ON DELETE CASCADE ON UPDATE RESTRICT
) ENGINE = InnoDB AUTO_INCREMENT = 45 CHARACTER SET = utf8mb4 COLLATE = utf8mb4_0900_ai_ci ROW_FORMAT = DYNAMIC;

-- ----------------------------
-- Records of diaries
-- ----------------------------
INSERT INTO `diaries` VALUES (1, 1, '第一篇游记', '示例正文', 'approved', '', '2025-05-12 14:59:52', '2025-05-13 22:21:57');
INSERT INTO `diaries` VALUES (3, 1, 'Prof.', 'I destroy my enemies when I make them my friends. To start working with your server in Navicat, you should first establish a connection or several connections using the Connection window. HTTP Tunneling is a method for connecting to a server that uses the same protocol (http://) and the same port (port 80) as a web server does. Actually it is just in an idea when feel oneself can achieve and cannot achieve. It is used while your ISPs do not allow direct connections, but allows establishing HTTP connections. Navicat provides a wide range advanced features, such as compelling code editing capabilities, smart code-completion, SQL formatting, and more. Navicat Data Modeler is a powerful and cost-effective database design tool which helps you build high-quality conceptual, logical and physical data models. Navicat is a multi-connections Database Administration tool allowing you to connect to MySQL, Oracle, PostgreSQL, SQLite, SQL Server, MariaDB and/or MongoDB databases, making database administration to multiple kinds of database so easy. Such sessions are also susceptible to session hijacking, where a malicious user takes over your session once you have authenticated. Navicat allows you to transfer data from one database and/or schema to another with detailed analytical process. The reason why a great man is great is that he resolves to be a great man. HTTP Tunneling is a method for connecting to a server that uses the same protocol (http://) and the same port (port 80) as a web server does. To start working with your server in Navicat, you should first establish a connection or several connections using the Connection window. Actually it is just in an idea when feel oneself can achieve and cannot achieve. If the Show objects under schema in navigation pane option is checked at the Preferences window, all database objects are also displayed in the pane. After comparing data, the window shows the number of records that will be inserted, updated or deleted in the target. To successfully establish a new connection to local/remote server - no matter via SSL, SSH or HTTP, set the database login information in the General tab. The first step is as good as half over. Flexible settings enable you to set up a custom key for comparison and synchronization. Typically, it is employed as an encrypted version of Telnet. You must be the change you wish to see in the world. Navicat Data Modeler enables you to build high-quality conceptual, logical and physical data models for a wide variety of audiences. In the Objects tab, you can use the List List, Detail Detail and ER Diagram ER Diagram buttons to change the object view. Such sessions are also susceptible to session hijacking, where a malicious user takes over your session once you have authenticated. To successfully establish a new connection to local/remote server - no matter via SSL or SSH, set the database login information in the General tab. Import Wizard allows you to import data to tables/collections from CSV, TXT, XML, DBF and more. You will succeed because most people are lazy. Always keep your eyes open. Keep watching. Because whatever you see can inspire you. The Information Pane shows the detailed object information, project activities, the DDL of database objects, object dependencies, membership of users/roles and preview. If your Internet Service Provider (ISP) does not provide direct access to its server, Secure Tunneling Protocol (SSH) / HTTP is another solution. If the Show objects under schema in navigation pane option is checked at the Preferences window, all database objects are also displayed in the pane. Secure Sockets Layer(SSL) is a protocol for transmitting private documents via the Internet. Navicat authorizes you to make connection to remote servers running on different platforms (i.e. Windows, macOS, Linux and UNIX), and supports PAM and GSSAPI authentication. Actually it is just in an idea when feel oneself can achieve and cannot achieve. Navicat Monitor is a safe, simple and agentless remote server monitoring tool that is packed with powerful features to make your monitoring effective as possible. I destroy my enemies when I make them my friends. The past has no power over the present moment. It can also manage cloud databases such as Amazon Redshift, Amazon RDS, Alibaba Cloud. Features in Navicat are sophisticated enough to provide professional developers for all their specific needs, yet easy to learn for users who are new to database server. Actually it is just in an idea when feel oneself can achieve and cannot achieve. Navicat 15 has added support for the system-wide dark mode. I will greet this day with love in my heart. After comparing data, the window shows the number of records that will be inserted, updated or deleted in the target. I may not have gone where I intended to go, but I think I have ended up where I needed to be. In other words, Navicat provides the ability for data in different databases and/or schemas to be kept up-to-date so that each repository contains the same information. Typically, it is employed as an encrypted version of Telnet. Navicat Data Modeler enables you to build high-quality conceptual, logical and physical data models for a wide variety of audiences. Sometimes you win, sometimes you learn. After logged in the Navicat Cloud feature, the Navigation pane will be divided into Navicat Cloud and My Connections sections. A man is not old until regrets take the place of dreams. To clear or reload various internal caches, flush tables, or acquire locks, control-click your connection in the Navigation pane and select Flush and choose the flush option. You must have the reload privilege to use this feature. If you wait, all that happens is you get older. I will greet this day with love in my heart. Actually it is just in an idea when feel oneself can achieve and cannot achieve. If it scares you, it might be a good thing to try. Such sessions are also susceptible to session hijacking, where a malicious user takes over your session once you have authenticated. Anyone who has never made a mistake has never tried anything new. To get a secure connection, the first thing you need to do is to install OpenSSL Library and download Database Source. Anyone who has never made a mistake has never tried anything new. Navicat Cloud provides a cloud service for synchronizing connections, queries, model files and virtual group information from Navicat, other Navicat family members, different machines and different platforms. In the middle of winter I at last discovered that there was in me an invincible summer. Navicat provides a wide range advanced features, such as compelling code editing capabilities, smart code-completion, SQL formatting, and more. To start working with your server in Navicat, you should first establish a connection or several connections using the Connection window. If the plan doesn’t work, change the plan, but never the goal. The first step is as good as half over. The Synchronize to Database function will give you a full picture of all database differences. To open a query using an external editor, control-click it and select Open with External Editor. You can set the file path of an external editor in Preferences. If you wait, all that happens is you get older. What you get by achieving your goals is not as important as what you become by achieving your goals. In the middle of winter I at last discovered that there was in me an invincible summer. I destroy my enemies when I make them my friends. Navicat Cloud could not connect and access your databases. By which it means, it could only store your connection settings, queries, model files, and virtual group; your database passwords and data (e.g. tables, views, etc) will not be stored to Navicat Cloud. Flexible settings enable you to set up a custom key for comparison and synchronization. After logged in the Navicat Cloud feature, the Navigation pane will be divided into Navicat Cloud and My Connections sections. To successfully establish a new connection to local/remote server - no matter via SSL or SSH, set the database login information in the General tab. SQL Editor allows you to create and edit SQL text, prepare and execute selected queries. Anyone who has ever made anything of importance was disciplined. I may not have gone where I intended to go, but I think I have ended up where I needed to be. In the middle of winter I at last discovered that there was in me an invincible summer. A man’s best friends are his ten fingers. Anyone who has ever made anything of importance was disciplined. To connect to a database or schema, simply double-click it in the pane. To open a query using an external editor, control-click it and select Open with External Editor. You can set the file path of an external editor in Preferences. Success consists of going from failure to failure without loss of enthusiasm.', 'pending', '', '2009-06-26 04:11:10', '2025-05-13 20:26:01');
INSERT INTO `diaries` VALUES (4, 1, 'Ms.', 'Monitored servers include MySQL, MariaDB and SQL Server, and compatible with cloud databases like Amazon RDS, Amazon Aurora, Oracle Cloud, Google Cloud and Microsoft Azure. If the Show objects under schema in navigation pane option is checked at the Preferences window, all database objects are also displayed in the pane. The repository database can be an existing MySQL, MariaDB, PostgreSQL, SQL Server, or Amazon RDS instance. You cannot save people, you can just love them. A man is not old until regrets take the place of dreams. Such sessions are also susceptible to session hijacking, where a malicious user takes over your session once you have authenticated. The Main Window consists of several toolbars and panes for you to work on connections, database objects and advanced tools. The first step is as good as half over. To open a query using an external editor, control-click it and select Open with External Editor. You can set the file path of an external editor in Preferences. Always keep your eyes open. Keep watching. Because whatever you see can inspire you. A man’s best friends are his ten fingers. Creativity is intelligence having fun. It is used while your ISPs do not allow direct connections, but allows establishing HTTP connections. Navicat Monitor requires a repository to store alerts and metrics for historical analysis. Flexible settings enable you to set up a custom key for comparison and synchronization. To successfully establish a new connection to local/remote server - no matter via SSL or SSH, set the database login information in the General tab. Navicat Monitor is a safe, simple and agentless remote server monitoring tool that is packed with powerful features to make your monitoring effective as possible. Champions keep playing until they get it right. To connect to a database or schema, simply double-click it in the pane. Navicat Monitor can be installed on any local computer or virtual machine and does not require any software installation on the servers being monitored. Navicat is a multi-connections Database Administration tool allowing you to connect to MySQL, Oracle, PostgreSQL, SQLite, SQL Server, MariaDB and/or MongoDB databases, making database administration to multiple kinds of database so easy. Navicat provides powerful tools for working with queries: Query Editor for editing the query text directly, and Query Builder, Find Builder or Aggregate Builder for building queries visually. Navicat Monitor can be installed on any local computer or virtual machine and does not require any software installation on the servers being monitored. It can also manage cloud databases such as Amazon Redshift, Amazon RDS, Alibaba Cloud. Features in Navicat are sophisticated enough to provide professional developers for all their specific needs, yet easy to learn for users who are new to database server. Anyone who has ever made anything of importance was disciplined. To connect to a database or schema, simply double-click it in the pane. It wasn’t raining when Noah built the ark. What you get by achieving your goals is not as important as what you become by achieving your goals. Navicat Cloud could not connect and access your databases. By which it means, it could only store your connection settings, queries, model files, and virtual group; your database passwords and data (e.g. tables, views, etc) will not be stored to Navicat Cloud. SQL Editor allows you to create and edit SQL text, prepare and execute selected queries. In the middle of winter I at last discovered that there was in me an invincible summer. A comfort zone is a beautiful place, but nothing ever grows there. SQL Editor allows you to create and edit SQL text, prepare and execute selected queries. It can also manage cloud databases such as Amazon Redshift, Amazon RDS, Alibaba Cloud. Features in Navicat are sophisticated enough to provide professional developers for all their specific needs, yet easy to learn for users who are new to database server. To clear or reload various internal caches, flush tables, or acquire locks, control-click your connection in the Navigation pane and select Flush and choose the flush option. You must have the reload privilege to use this feature. In a Telnet session, all communications, including username and password, are transmitted in plain-text, allowing anyone to listen-in on your session and steal passwords and other information. You cannot save people, you can just love them. It provides strong authentication and secure encrypted communications between two hosts, known as SSH Port Forwarding (Tunneling), over an insecure network. The first step is as good as half over. It collects process metrics such as CPU load, RAM usage, and a variety of other resources over SSH/SNMP. A man’s best friends are his ten fingers. The Synchronize to Database function will give you a full picture of all database differences. Navicat is a multi-connections Database Administration tool allowing you to connect to MySQL, Oracle, PostgreSQL, SQLite, SQL Server, MariaDB and/or MongoDB databases, making database administration to multiple kinds of database so easy. After logged in the Navicat Cloud feature, the Navigation pane will be divided into Navicat Cloud and My Connections sections. To start working with your server in Navicat, you should first establish a connection or several connections using the Connection window. If opportunity doesn’t knock, build a door. Import Wizard allows you to import data to tables/collections from CSV, TXT, XML, DBF and more. If your Internet Service Provider (ISP) does not provide direct access to its server, Secure Tunneling Protocol (SSH) / HTTP is another solution. The Navigation pane employs tree structure which allows you to take action upon the database and their objects through their pop-up menus quickly and easily. Navicat Monitor is a safe, simple and agentless remote server monitoring tool that is packed with powerful features to make your monitoring effective as possible. It is used while your ISPs do not allow direct connections, but allows establishing HTTP connections. Secure Sockets Layer(SSL) is a protocol for transmitting private documents via the Internet. Difficult circumstances serve as a textbook of life for people. It is used while your ISPs do not allow direct connections, but allows establishing HTTP connections. To connect to a database or schema, simply double-click it in the pane. Navicat Data Modeler enables you to build high-quality conceptual, logical and physical data models for a wide variety of audiences. The first step is as good as half over. You can select any connections, objects or projects, and then select the corresponding buttons on the Information Pane. The reason why a great man is great is that he resolves to be a great man. How we spend our days is, of course, how we spend our lives. Navicat provides a wide range advanced features, such as compelling code editing capabilities, smart code-completion, SQL formatting, and more. Navicat Data Modeler enables you to build high-quality conceptual, logical and physical data models for a wide variety of audiences. It provides strong authentication and secure encrypted communications between two hosts, known as SSH Port Forwarding (Tunneling), over an insecure network. Import Wizard allows you to import data to tables/collections from CSV, TXT, XML, DBF and more. A comfort zone is a beautiful place, but nothing ever grows there. I will greet this day with love in my heart. Navicat Monitor is a safe, simple and agentless remote server monitoring tool that is packed with powerful features to make your monitoring effective as possible. Navicat Data Modeler enables you to build high-quality conceptual, logical and physical data models for a wide variety of audiences. If opportunity doesn’t knock, build a door. Navicat Data Modeler enables you to build high-quality conceptual, logical and physical data models for a wide variety of audiences. It is used while your ISPs do not allow direct connections, but allows establishing HTTP connections. Genius is an infinite capacity for taking pains. There is no way to happiness. Happiness is the way. The past has no power over the present moment. Navicat Cloud could not connect and access your databases. By which it means, it could only store your connection settings, queries, model files, and virtual group; your database passwords and data (e.g. tables, views, etc) will not be stored to Navicat Cloud. Anyone who has never made a mistake has never tried anything new. How we spend our days is, of course, how we spend our lives. What you get by achieving your goals is not as important as what you become by achieving your goals. To successfully establish a new connection to local/remote server - no matter via SSL, SSH or HTTP, set the database login information in the General tab. To open a query using an external editor, control-click it and select Open with External Editor. You can set the file path of an external editor in Preferences. Remember that failure is an event, not a person. You can select any connections, objects or projects, and then select the corresponding buttons on the Information Pane. Navicat is a multi-connections Database Administration tool allowing you to connect to MySQL, Oracle, PostgreSQL, SQLite, SQL Server, MariaDB and/or MongoDB databases, making database administration to multiple kinds of database so easy.', 'approved', '', '2012-02-04 20:07:48', '2025-05-12 16:59:47');
INSERT INTO `diaries` VALUES (5, 2, '用户TEST游记', 'Navicat Cloud could not connect and access your databases. By which it means, it could only store your connection settings, queries, model files, and virtual group; your database passwords and data (e.g. tables, views, etc) will not be stored to Navicat Cloud. It is used while your ISPs do not allow direct connections, but allows establishing HTTP connections. In the Objects tab, you can use the List List, Detail Detail and ER Diagram ER Diagram buttons to change the object view. HTTP Tunneling is a method for connecting to a server that uses the same protocol (http://) and the same port (port 80) as a web server does. After logged in the Navicat Cloud feature, the Navigation pane will be divided into Navicat Cloud and My Connections sections. Typically, it is employed as an encrypted version of Telnet. Anyone who has ever made anything of importance was disciplined. After comparing data, the window shows the number of records that will be inserted, updated or deleted in the target. Champions keep playing until they get it right. The Information Pane shows the detailed object information, project activities, the DDL of database objects, object dependencies, membership of users/roles and preview. SQL Editor allows you to create and edit SQL text, prepare and execute selected queries. Anyone who has ever made anything of importance was disciplined. After comparing data, the window shows the number of records that will be inserted, updated or deleted in the target. Anyone who has never made a mistake has never tried anything new. Navicat Monitor requires a repository to store alerts and metrics for historical analysis. If opportunity doesn’t knock, build a door. Navicat provides powerful tools for working with queries: Query Editor for editing the query text directly, and Query Builder, Find Builder or Aggregate Builder for building queries visually. Navicat provides a wide range advanced features, such as compelling code editing capabilities, smart code-completion, SQL formatting, and more. The On Startup feature allows you to control what tabs appear when you launch Navicat. After comparing data, the window shows the number of records that will be inserted, updated or deleted in the target. The Main Window consists of several toolbars and panes for you to work on connections, database objects and advanced tools. If it scares you, it might be a good thing to try. Anyone who has ever made anything of importance was disciplined. Optimism is the one quality more associated with success and happiness than any other. If it scares you, it might be a good thing to try. Secure SHell (SSH) is a program to log in into another computer over a network, execute commands on a remote server, and move files from one machine to another. Navicat Cloud could not connect and access your databases. By which it means, it could only store your connection settings, queries, model files, and virtual group; your database passwords and data (e.g. tables, views, etc) will not be stored to Navicat Cloud. If opportunity doesn’t knock, build a door. Creativity is intelligence having fun. If the plan doesn’t work, change the plan, but never the goal. In other words, Navicat provides the ability for data in different databases and/or schemas to be kept up-to-date so that each repository contains the same information. The repository database can be an existing MySQL, MariaDB, PostgreSQL, SQL Server, or Amazon RDS instance. Difficult circumstances serve as a textbook of life for people. Champions keep playing until they get it right. The reason why a great man is great is that he resolves to be a great man. Navicat Monitor is a safe, simple and agentless remote server monitoring tool that is packed with powerful features to make your monitoring effective as possible. It collects process metrics such as CPU load, RAM usage, and a variety of other resources over SSH/SNMP. Navicat Monitor can be installed on any local computer or virtual machine and does not require any software installation on the servers being monitored. To clear or reload various internal caches, flush tables, or acquire locks, control-click your connection in the Navigation pane and select Flush and choose the flush option. You must have the reload privilege to use this feature. Navicat is a multi-connections Database Administration tool allowing you to connect to MySQL, Oracle, PostgreSQL, SQLite, SQL Server, MariaDB and/or MongoDB databases, making database administration to multiple kinds of database so easy. Flexible settings enable you to set up a custom key for comparison and synchronization. Actually it is just in an idea when feel oneself can achieve and cannot achieve. If opportunity doesn’t knock, build a door. If opportunity doesn’t knock, build a door. I destroy my enemies when I make them my friends. The Synchronize to Database function will give you a full picture of all database differences. Success consists of going from failure to failure without loss of enthusiasm. Navicat Monitor requires a repository to store alerts and metrics for historical analysis. It is used while your ISPs do not allow direct connections, but allows establishing HTTP connections. Navicat Cloud provides a cloud service for synchronizing connections, queries, model files and virtual group information from Navicat, other Navicat family members, different machines and different platforms. You must be the change you wish to see in the world. Navicat is a multi-connections Database Administration tool allowing you to connect to MySQL, Oracle, PostgreSQL, SQLite, SQL Server, MariaDB and/or MongoDB databases, making database administration to multiple kinds of database so easy. What you get by achieving your goals is not as important as what you become by achieving your goals. In a Telnet session, all communications, including username and password, are transmitted in plain-text, allowing anyone to listen-in on your session and steal passwords and other information. Anyone who has never made a mistake has never tried anything new. Navicat Monitor requires a repository to store alerts and metrics for historical analysis. If the plan doesn’t work, change the plan, but never the goal. What you get by achieving your goals is not as important as what you become by achieving your goals. Anyone who has ever made anything of importance was disciplined. If opportunity doesn’t knock, build a door. Secure Sockets Layer(SSL) is a protocol for transmitting private documents via the Internet. It is used while your ISPs do not allow direct connections, but allows establishing HTTP connections. It provides strong authentication and secure encrypted communications between two hosts, known as SSH Port Forwarding (Tunneling), over an insecure network.', 'pending', '', '2004-08-02 06:37:00', '2025-05-13 14:58:16');
INSERT INTO `diaries` VALUES (6, 1, 'Ms.', 'Export Wizard allows you to export data from tables, collections, views, or query results to any available formats. How we spend our days is, of course, how we spend our lives. Navicat Monitor can be installed on any local computer or virtual machine and does not require any software installation on the servers being monitored. Navicat Monitor requires a repository to store alerts and metrics for historical analysis. Always keep your eyes open. Keep watching. Because whatever you see can inspire you. Success consists of going from failure to failure without loss of enthusiasm. The reason why a great man is great is that he resolves to be a great man. To start working with your server in Navicat, you should first establish a connection or several connections using the Connection window. To get a secure connection, the first thing you need to do is to install OpenSSL Library and download Database Source. I destroy my enemies when I make them my friends. All the Navicat Cloud objects are located under different projects. You can share the project to other Navicat Cloud accounts for collaboration. It collects process metrics such as CPU load, RAM usage, and a variety of other resources over SSH/SNMP. Navicat allows you to transfer data from one database and/or schema to another with detailed analytical process. You cannot save people, you can just love them. I may not have gone where I intended to go, but I think I have ended up where I needed to be. It collects process metrics such as CPU load, RAM usage, and a variety of other resources over SSH/SNMP. The Main Window consists of several toolbars and panes for you to work on connections, database objects and advanced tools. I may not have gone where I intended to go, but I think I have ended up where I needed to be. I destroy my enemies when I make them my friends. Optimism is the one quality more associated with success and happiness than any other. All the Navicat Cloud objects are located under different projects. You can share the project to other Navicat Cloud accounts for collaboration. The past has no power over the present moment. Navicat 15 has added support for the system-wide dark mode. It collects process metrics such as CPU load, RAM usage, and a variety of other resources over SSH/SNMP. Navicat Monitor requires a repository to store alerts and metrics for historical analysis. Navicat Cloud could not connect and access your databases. By which it means, it could only store your connection settings, queries, model files, and virtual group; your database passwords and data (e.g. tables, views, etc) will not be stored to Navicat Cloud. In a Telnet session, all communications, including username and password, are transmitted in plain-text, allowing anyone to listen-in on your session and steal passwords and other information. HTTP Tunneling is a method for connecting to a server that uses the same protocol (http://) and the same port (port 80) as a web server does. In a Telnet session, all communications, including username and password, are transmitted in plain-text, allowing anyone to listen-in on your session and steal passwords and other information. If you wait, all that happens is you get older. Navicat Data Modeler enables you to build high-quality conceptual, logical and physical data models for a wide variety of audiences. HTTP Tunneling is a method for connecting to a server that uses the same protocol (http://) and the same port (port 80) as a web server does. All the Navicat Cloud objects are located under different projects. You can share the project to other Navicat Cloud accounts for collaboration. Such sessions are also susceptible to session hijacking, where a malicious user takes over your session once you have authenticated. HTTP Tunneling is a method for connecting to a server that uses the same protocol (http://) and the same port (port 80) as a web server does. The Synchronize to Database function will give you a full picture of all database differences. Navicat Monitor requires a repository to store alerts and metrics for historical analysis. It wasn’t raining when Noah built the ark. You cannot save people, you can just love them. The Navigation pane employs tree structure which allows you to take action upon the database and their objects through their pop-up menus quickly and easily. Monitored servers include MySQL, MariaDB and SQL Server, and compatible with cloud databases like Amazon RDS, Amazon Aurora, Oracle Cloud, Google Cloud and Microsoft Azure. To clear or reload various internal caches, flush tables, or acquire locks, control-click your connection in the Navigation pane and select Flush and choose the flush option. You must have the reload privilege to use this feature. SQL Editor allows you to create and edit SQL text, prepare and execute selected queries. A query is used to extract data from the database in a readable format according to the user\'s request. How we spend our days is, of course, how we spend our lives. A man’s best friends are his ten fingers. Secure Sockets Layer(SSL) is a protocol for transmitting private documents via the Internet. Export Wizard allows you to export data from tables, collections, views, or query results to any available formats. You will succeed because most people are lazy. Flexible settings enable you to set up a custom key for comparison and synchronization. In a Telnet session, all communications, including username and password, are transmitted in plain-text, allowing anyone to listen-in on your session and steal passwords and other information. To successfully establish a new connection to local/remote server - no matter via SSL, SSH or HTTP, set the database login information in the General tab. The reason why a great man is great is that he resolves to be a great man. The Navigation pane employs tree structure which allows you to take action upon the database and their objects through their pop-up menus quickly and easily. Actually it is just in an idea when feel oneself can achieve and cannot achieve. Such sessions are also susceptible to session hijacking, where a malicious user takes over your session once you have authenticated. Remember that failure is an event, not a person. You can select any connections, objects or projects, and then select the corresponding buttons on the Information Pane. Actually it is just in an idea when feel oneself can achieve and cannot achieve. Anyone who has never made a mistake has never tried anything new. Genius is an infinite capacity for taking pains. Navicat Cloud could not connect and access your databases. By which it means, it could only store your connection settings, queries, model files, and virtual group; your database passwords and data (e.g. tables, views, etc) will not be stored to Navicat Cloud. HTTP Tunneling is a method for connecting to a server that uses the same protocol (http://) and the same port (port 80) as a web server does. It is used while your ISPs do not allow direct connections, but allows establishing HTTP connections. Export Wizard allows you to export data from tables, collections, views, or query results to any available formats. After logged in the Navicat Cloud feature, the Navigation pane will be divided into Navicat Cloud and My Connections sections. A man is not old until regrets take the place of dreams. Navicat Monitor requires a repository to store alerts and metrics for historical analysis. You must be the change you wish to see in the world. Navicat 15 has added support for the system-wide dark mode. Anyone who has never made a mistake has never tried anything new. Navicat Cloud could not connect and access your databases. By which it means, it could only store your connection settings, queries, model files, and virtual group; your database passwords and data (e.g. tables, views, etc) will not be stored to Navicat Cloud. After comparing data, the window shows the number of records that will be inserted, updated or deleted in the target. Navicat allows you to transfer data from one database and/or schema to another with detailed analytical process. Instead of wondering when your next vacation is, maybe you should set up a life you don’t need to escape from. The On Startup feature allows you to control what tabs appear when you launch Navicat. What you get by achieving your goals is not as important as what you become by achieving your goals. Optimism is the one quality more associated with success and happiness than any other. With its well-designed Graphical User Interface(GUI), Navicat lets you quickly and easily create, organize, access and share information in a secure and easy way. After logged in the Navicat Cloud feature, the Navigation pane will be divided into Navicat Cloud and My Connections sections. It is used while your ISPs do not allow direct connections, but allows establishing HTTP connections. With its well-designed Graphical User Interface(GUI), Navicat lets you quickly and easily create, organize, access and share information in a secure and easy way.', 'rejected', '敏感', '2008-10-03 08:10:29', '2025-05-13 21:05:31');
INSERT INTO `diaries` VALUES (7, 1, 'Miss.', 'Navicat Monitor requires a repository to store alerts and metrics for historical analysis. Anyone who has never made a mistake has never tried anything new. Monitored servers include MySQL, MariaDB and SQL Server, and compatible with cloud databases like Amazon RDS, Amazon Aurora, Oracle Cloud, Google Cloud and Microsoft Azure. Navicat authorizes you to make connection to remote servers running on different platforms (i.e. Windows, macOS, Linux and UNIX), and supports PAM and GSSAPI authentication. The Information Pane shows the detailed object information, project activities, the DDL of database objects, object dependencies, membership of users/roles and preview. It can also manage cloud databases such as Amazon Redshift, Amazon RDS, Alibaba Cloud. Features in Navicat are sophisticated enough to provide professional developers for all their specific needs, yet easy to learn for users who are new to database server. To successfully establish a new connection to local/remote server - no matter via SSL or SSH, set the database login information in the General tab. In a Telnet session, all communications, including username and password, are transmitted in plain-text, allowing anyone to listen-in on your session and steal passwords and other information. Anyone who has ever made anything of importance was disciplined. A query is used to extract data from the database in a readable format according to the user\'s request. After logged in the Navicat Cloud feature, the Navigation pane will be divided into Navicat Cloud and My Connections sections. Navicat Cloud could not connect and access your databases. By which it means, it could only store your connection settings, queries, model files, and virtual group; your database passwords and data (e.g. tables, views, etc) will not be stored to Navicat Cloud. Navicat Cloud could not connect and access your databases. By which it means, it could only store your connection settings, queries, model files, and virtual group; your database passwords and data (e.g. tables, views, etc) will not be stored to Navicat Cloud. Monitored servers include MySQL, MariaDB and SQL Server, and compatible with cloud databases like Amazon RDS, Amazon Aurora, Oracle Cloud, Google Cloud and Microsoft Azure. You will succeed because most people are lazy. I destroy my enemies when I make them my friends. Navicat Data Modeler is a powerful and cost-effective database design tool which helps you build high-quality conceptual, logical and physical data models. The repository database can be an existing MySQL, MariaDB, PostgreSQL, SQL Server, or Amazon RDS instance. To successfully establish a new connection to local/remote server - no matter via SSL, SSH or HTTP, set the database login information in the General tab. Navicat Monitor requires a repository to store alerts and metrics for historical analysis. Navicat Monitor can be installed on any local computer or virtual machine and does not require any software installation on the servers being monitored. To clear or reload various internal caches, flush tables, or acquire locks, control-click your connection in the Navigation pane and select Flush and choose the flush option. You must have the reload privilege to use this feature. In a Telnet session, all communications, including username and password, are transmitted in plain-text, allowing anyone to listen-in on your session and steal passwords and other information. Navicat Data Modeler enables you to build high-quality conceptual, logical and physical data models for a wide variety of audiences. With its well-designed Graphical User Interface(GUI), Navicat lets you quickly and easily create, organize, access and share information in a secure and easy way. The repository database can be an existing MySQL, MariaDB, PostgreSQL, SQL Server, or Amazon RDS instance. After logged in the Navicat Cloud feature, the Navigation pane will be divided into Navicat Cloud and My Connections sections. The repository database can be an existing MySQL, MariaDB, PostgreSQL, SQL Server, or Amazon RDS instance. Navicat allows you to transfer data from one database and/or schema to another with detailed analytical process. A comfort zone is a beautiful place, but nothing ever grows there. SQL Editor allows you to create and edit SQL text, prepare and execute selected queries. All journeys have secret destinations of which the traveler is unaware. It is used while your ISPs do not allow direct connections, but allows establishing HTTP connections. Navicat allows you to transfer data from one database and/or schema to another with detailed analytical process. After comparing data, the window shows the number of records that will be inserted, updated or deleted in the target. Anyone who has ever made anything of importance was disciplined. It is used while your ISPs do not allow direct connections, but allows establishing HTTP connections. A comfort zone is a beautiful place, but nothing ever grows there. There is no way to happiness. Happiness is the way. There is no way to happiness. Happiness is the way. If it scares you, it might be a good thing to try. Export Wizard allows you to export data from tables, collections, views, or query results to any available formats. Navicat Data Modeler enables you to build high-quality conceptual, logical and physical data models for a wide variety of audiences. It can also manage cloud databases such as Amazon Redshift, Amazon RDS, Alibaba Cloud. Features in Navicat are sophisticated enough to provide professional developers for all their specific needs, yet easy to learn for users who are new to database server. To open a query using an external editor, control-click it and select Open with External Editor. You can set the file path of an external editor in Preferences. SSH serves to prevent such vulnerabilities and allows you to access a remote server\'s shell without compromising security. Navicat provides powerful tools for working with queries: Query Editor for editing the query text directly, and Query Builder, Find Builder or Aggregate Builder for building queries visually. Optimism is the one quality more associated with success and happiness than any other. Navicat Cloud could not connect and access your databases. By which it means, it could only store your connection settings, queries, model files, and virtual group; your database passwords and data (e.g. tables, views, etc) will not be stored to Navicat Cloud. To open a query using an external editor, control-click it and select Open with External Editor. You can set the file path of an external editor in Preferences. If it scares you, it might be a good thing to try. To open a query using an external editor, control-click it and select Open with External Editor. You can set the file path of an external editor in Preferences. Such sessions are also susceptible to session hijacking, where a malicious user takes over your session once you have authenticated. Instead of wondering when your next vacation is, maybe you should set up a life you don’t need to escape from. The first step is as good as half over. Navicat authorizes you to make connection to remote servers running on different platforms (i.e. Windows, macOS, Linux and UNIX), and supports PAM and GSSAPI authentication. You cannot save people, you can just love them. The On Startup feature allows you to control what tabs appear when you launch Navicat. Secure Sockets Layer(SSL) is a protocol for transmitting private documents via the Internet. Export Wizard allows you to export data from tables, collections, views, or query results to any available formats. Champions keep playing until they get it right. Navicat Cloud could not connect and access your databases. By which it means, it could only store your connection settings, queries, model files, and virtual group; your database passwords and data (e.g. tables, views, etc) will not be stored to Navicat Cloud. To successfully establish a new connection to local/remote server - no matter via SSL, SSH or HTTP, set the database login information in the General tab. In other words, Navicat provides the ability for data in different databases and/or schemas to be kept up-to-date so that each repository contains the same information. Secure Sockets Layer(SSL) is a protocol for transmitting private documents via the Internet. Navicat Data Modeler is a powerful and cost-effective database design tool which helps you build high-quality conceptual, logical and physical data models. All the Navicat Cloud objects are located under different projects. You can share the project to other Navicat Cloud accounts for collaboration. You cannot save people, you can just love them. Sometimes you win, sometimes you learn. I may not have gone where I intended to go, but I think I have ended up where I needed to be.', 'rejected', '不符合要求', '2010-09-30 11:48:48', '2025-05-13 22:22:08');
INSERT INTO `diaries` VALUES (8, 2, 'Mrs.', 'Navicat Monitor can be installed on any local computer or virtual machine and does not require any software installation on the servers being monitored. The Main Window consists of several toolbars and panes for you to work on connections, database objects and advanced tools. You will succeed because most people are lazy. Champions keep playing until they get it right. Genius is an infinite capacity for taking pains. The Navigation pane employs tree structure which allows you to take action upon the database and their objects through their pop-up menus quickly and easily. SQL Editor allows you to create and edit SQL text, prepare and execute selected queries. Sometimes you win, sometimes you learn. The repository database can be an existing MySQL, MariaDB, PostgreSQL, SQL Server, or Amazon RDS instance. Creativity is intelligence having fun. A query is used to extract data from the database in a readable format according to the user\'s request. After comparing data, the window shows the number of records that will be inserted, updated or deleted in the target. The Main Window consists of several toolbars and panes for you to work on connections, database objects and advanced tools. Optimism is the one quality more associated with success and happiness than any other. After logged in the Navicat Cloud feature, the Navigation pane will be divided into Navicat Cloud and My Connections sections. Remember that failure is an event, not a person. I may not have gone where I intended to go, but I think I have ended up where I needed to be. To clear or reload various internal caches, flush tables, or acquire locks, control-click your connection in the Navigation pane and select Flush and choose the flush option. You must have the reload privilege to use this feature. Champions keep playing until they get it right. The Navigation pane employs tree structure which allows you to take action upon the database and their objects through their pop-up menus quickly and easily. The Main Window consists of several toolbars and panes for you to work on connections, database objects and advanced tools. Navicat allows you to transfer data from one database and/or schema to another with detailed analytical process. Navicat allows you to transfer data from one database and/or schema to another with detailed analytical process. Instead of wondering when your next vacation is, maybe you should set up a life you don’t need to escape from. Navicat 15 has added support for the system-wide dark mode. If the Show objects under schema in navigation pane option is checked at the Preferences window, all database objects are also displayed in the pane. All journeys have secret destinations of which the traveler is unaware. Monitored servers include MySQL, MariaDB and SQL Server, and compatible with cloud databases like Amazon RDS, Amazon Aurora, Oracle Cloud, Google Cloud and Microsoft Azure. If the plan doesn’t work, change the plan, but never the goal. If the plan doesn’t work, change the plan, but never the goal. Champions keep playing until they get it right. If you wait, all that happens is you get older. Monitored servers include MySQL, MariaDB and SQL Server, and compatible with cloud databases like Amazon RDS, Amazon Aurora, Oracle Cloud, Google Cloud and Microsoft Azure. All the Navicat Cloud objects are located under different projects. You can share the project to other Navicat Cloud accounts for collaboration. Navicat is a multi-connections Database Administration tool allowing you to connect to MySQL, Oracle, PostgreSQL, SQLite, SQL Server, MariaDB and/or MongoDB databases, making database administration to multiple kinds of database so easy. In other words, Navicat provides the ability for data in different databases and/or schemas to be kept up-to-date so that each repository contains the same information. Secure Sockets Layer(SSL) is a protocol for transmitting private documents via the Internet. It wasn’t raining when Noah built the ark. A man is not old until regrets take the place of dreams. Navicat is a multi-connections Database Administration tool allowing you to connect to MySQL, Oracle, PostgreSQL, SQLite, SQL Server, MariaDB and/or MongoDB databases, making database administration to multiple kinds of database so easy. Navicat provides a wide range advanced features, such as compelling code editing capabilities, smart code-completion, SQL formatting, and more. Navicat provides powerful tools for working with queries: Query Editor for editing the query text directly, and Query Builder, Find Builder or Aggregate Builder for building queries visually. The Synchronize to Database function will give you a full picture of all database differences. Navicat Cloud provides a cloud service for synchronizing connections, queries, model files and virtual group information from Navicat, other Navicat family members, different machines and different platforms. The past has no power over the present moment. To open a query using an external editor, control-click it and select Open with External Editor. You can set the file path of an external editor in Preferences. Optimism is the one quality more associated with success and happiness than any other. The past has no power over the present moment. A man is not old until regrets take the place of dreams. If it scares you, it might be a good thing to try. SQL Editor allows you to create and edit SQL text, prepare and execute selected queries. Navicat is a multi-connections Database Administration tool allowing you to connect to MySQL, Oracle, PostgreSQL, SQLite, SQL Server, MariaDB and/or MongoDB databases, making database administration to multiple kinds of database so easy.', 'approved', '', '2000-02-18 04:14:57', '2025-05-13 21:04:56');
INSERT INTO `diaries` VALUES (41, 1, '1111', '2222', 'pending', NULL, '2025-05-14 01:50:08', '2025-05-14 01:50:08');
INSERT INTO `diaries` VALUES (42, 1, '44444', '77777', 'pending', NULL, '2025-05-14 01:50:37', '2025-05-14 01:50:37');
INSERT INTO `diaries` VALUES (43, 1, '44444', '77777', 'pending', NULL, '2025-05-14 01:52:12', '2025-05-14 01:52:12');
INSERT INTO `diaries` VALUES (44, 1, '视频测试', '视频', 'pending', NULL, '2025-05-14 01:53:24', '2025-05-14 01:53:24');

-- ----------------------------
-- Table structure for diary_comments
-- ----------------------------
DROP TABLE IF EXISTS `diary_comments`;
CREATE TABLE `diary_comments`  (
  `id` int NOT NULL AUTO_INCREMENT,
  `diary_id` int NOT NULL,
  `user_id` int NOT NULL,
  `content` text CHARACTER SET utf8mb4 COLLATE utf8mb4_0900_ai_ci NOT NULL,
  `created_at` datetime NULL DEFAULT CURRENT_TIMESTAMP,
  PRIMARY KEY (`id`) USING BTREE,
  INDEX `diary_id`(`diary_id` ASC) USING BTREE,
  INDEX `user_id`(`user_id` ASC) USING BTREE,
  CONSTRAINT `diary_comments_ibfk_1` FOREIGN KEY (`diary_id`) REFERENCES `diaries` (`id`) ON DELETE CASCADE ON UPDATE RESTRICT,
  CONSTRAINT `diary_comments_ibfk_2` FOREIGN KEY (`user_id`) REFERENCES `users` (`id`) ON DELETE CASCADE ON UPDATE RESTRICT
) ENGINE = InnoDB AUTO_INCREMENT = 5 CHARACTER SET = utf8mb4 COLLATE = utf8mb4_0900_ai_ci ROW_FORMAT = DYNAMIC;

-- ----------------------------
-- Records of diary_comments
-- ----------------------------
INSERT INTO `diary_comments` VALUES (1, 1, 1, '这是胡豪对游记评论的测试', '2025-05-13 21:58:27');
INSERT INTO `diary_comments` VALUES (2, 1, 1, '太好了，我也要去', '2025-05-13 15:37:27');
INSERT INTO `diary_comments` VALUES (3, 1, 2, '是的，太好了', '2025-05-13 15:42:52');
INSERT INTO `diary_comments` VALUES (4, 43, 1, '视频封面以第一帧为准', '2025-05-14 03:14:48');

-- ----------------------------
-- Table structure for diary_images
-- ----------------------------
DROP TABLE IF EXISTS `diary_images`;
CREATE TABLE `diary_images`  (
  `id` int NOT NULL AUTO_INCREMENT,
  `diary_id` int NOT NULL,
  `image_url` varchar(255) CHARACTER SET utf8mb4 COLLATE utf8mb4_0900_ai_ci NOT NULL,
  `sort_order` int NULL DEFAULT 0,
  PRIMARY KEY (`id`) USING BTREE,
  INDEX `diary_id`(`diary_id` ASC) USING BTREE,
  CONSTRAINT `diary_images_ibfk_1` FOREIGN KEY (`diary_id`) REFERENCES `diaries` (`id`) ON DELETE CASCADE ON UPDATE RESTRICT
) ENGINE = InnoDB AUTO_INCREMENT = 13 CHARACTER SET = utf8mb4 COLLATE = utf8mb4_0900_ai_ci ROW_FORMAT = DYNAMIC;

-- ----------------------------
-- Records of diary_images
-- ----------------------------
INSERT INTO `diary_images` VALUES (1, 1, '/diary_images/1.png', 0);
INSERT INTO `diary_images` VALUES (2, 3, '/diary_images/2.png', 0);
INSERT INTO `diary_images` VALUES (10, 41, '/diary_images/106a3e1e-fa57-4644-90ae-adc696818d9b.png', 0);
INSERT INTO `diary_images` VALUES (11, 42, '/diary_images/1d4ee19d-ad8a-434f-8cd9-ca1dced63826.png', 0);
INSERT INTO `diary_images` VALUES (12, 43, '/diary_images/e0328832-c447-45e9-854f-ad79353e4b40.png', 0);

-- ----------------------------
-- Table structure for diary_likes
-- ----------------------------
DROP TABLE IF EXISTS `diary_likes`;
CREATE TABLE `diary_likes`  (
  `id` int NOT NULL AUTO_INCREMENT,
  `user_id` int NOT NULL,
  `diary_id` int NOT NULL,
  `created_at` datetime NULL DEFAULT CURRENT_TIMESTAMP,
  PRIMARY KEY (`id`) USING BTREE,
  UNIQUE INDEX `unique_like`(`user_id` ASC, `diary_id` ASC) USING BTREE,
  INDEX `diary_id`(`diary_id` ASC) USING BTREE,
  CONSTRAINT `diary_likes_ibfk_1` FOREIGN KEY (`user_id`) REFERENCES `users` (`id`) ON DELETE CASCADE ON UPDATE RESTRICT,
  CONSTRAINT `diary_likes_ibfk_2` FOREIGN KEY (`diary_id`) REFERENCES `diaries` (`id`) ON DELETE CASCADE ON UPDATE RESTRICT
) ENGINE = InnoDB AUTO_INCREMENT = 17 CHARACTER SET = utf8mb4 COLLATE = utf8mb4_0900_ai_ci ROW_FORMAT = DYNAMIC;

-- ----------------------------
-- Records of diary_likes
-- ----------------------------
INSERT INTO `diary_likes` VALUES (10, 1, 5, '2025-05-13 15:36:59');
INSERT INTO `diary_likes` VALUES (13, 3, 1, '2025-05-13 19:57:05');
INSERT INTO `diary_likes` VALUES (15, 1, 43, '2025-05-14 01:52:57');
INSERT INTO `diary_likes` VALUES (16, 1, 1, '2025-05-14 02:18:59');

-- ----------------------------
-- Table structure for diary_videos
-- ----------------------------
DROP TABLE IF EXISTS `diary_videos`;
CREATE TABLE `diary_videos`  (
  `id` int NOT NULL AUTO_INCREMENT,
  `diary_id` int NOT NULL,
  `video_url` varchar(255) CHARACTER SET utf8mb4 COLLATE utf8mb4_0900_ai_ci NOT NULL,
  PRIMARY KEY (`id`) USING BTREE,
  UNIQUE INDEX `diary_id`(`diary_id` ASC) USING BTREE,
  CONSTRAINT `diary_videos_ibfk_1` FOREIGN KEY (`diary_id`) REFERENCES `diaries` (`id`) ON DELETE CASCADE ON UPDATE RESTRICT
) ENGINE = InnoDB AUTO_INCREMENT = 4 CHARACTER SET = utf8mb4 COLLATE = utf8mb4_0900_ai_ci ROW_FORMAT = DYNAMIC;

-- ----------------------------
-- Records of diary_videos
-- ----------------------------
INSERT INTO `diary_videos` VALUES (2, 43, '/diary_videos/edfa12c0-2a8d-497a-9eb0-74c2dc74ba05.mp4');
INSERT INTO `diary_videos` VALUES (3, 44, '/diary_videos/1e7e8261-c3d2-4198-82e0-eccc19a33c33.mp4');

-- ----------------------------
-- Table structure for users
-- ----------------------------
DROP TABLE IF EXISTS `users`;
CREATE TABLE `users`  (
  `id` int NOT NULL AUTO_INCREMENT,
  `username` varchar(50) CHARACTER SET utf8mb4 COLLATE utf8mb4_0900_ai_ci NOT NULL,
  `password` varchar(255) CHARACTER SET utf8mb4 COLLATE utf8mb4_0900_ai_ci NOT NULL,
  `nickname` varchar(50) CHARACTER SET utf8mb4 COLLATE utf8mb4_0900_ai_ci NOT NULL,
  `avatar_url` varchar(255) CHARACTER SET utf8mb4 COLLATE utf8mb4_0900_ai_ci NULL DEFAULT NULL,
  `created_at` datetime NULL DEFAULT CURRENT_TIMESTAMP,
  PRIMARY KEY (`id`) USING BTREE,
  UNIQUE INDEX `username`(`username` ASC) USING BTREE
) ENGINE = InnoDB AUTO_INCREMENT = 4 CHARACTER SET = utf8mb4 COLLATE = utf8mb4_0900_ai_ci ROW_FORMAT = DYNAMIC;

-- ----------------------------
-- Records of users
-- ----------------------------
INSERT INTO `users` VALUES (1, 'huhao', '123456', 'huhao', '/avatars/default.png', '2025-05-12 06:14:51');
INSERT INTO `users` VALUES (2, 'test', 'test', 'testuser', '/avatars/8838f5fd-f5f3-474b-9498-f2846dd63be9.jpg', '2025-05-12 06:16:58');
INSERT INTO `users` VALUES (3, 'huhao2', '123456', '清冷', '/avatars/42bec931-be35-47a2-80ee-c5b116f4d9e1.jpg', '2025-05-13 19:56:14');

SET FOREIGN_KEY_CHECKS = 1;
